{
  "_fv": 24,
  "_type": "dimension",
  "definition": {
    "biomesInDimension": [
      {
        "value": "CUSTOM:Bigchunk"
      }
    ],
    "worldGenType": "Normal world gen",
    "mainFillerBlock": {
      "value": "Blocks.DIAMOND_BLOCK"
    },
    "fluidBlock": {
      "value": "Blocks.DIAMOND_BLOCK"
    },
    "canRespawnHere": false,
    "hasFog": false,
    "isDark": false,
    "doesWaterVaporize": false,
    "sleepResult": "DENY",
    "hasSkyLight": false,
    "imitateOverworldBehaviour": false,
    "portalFrame": {
      "value": "Blocks.GOLD_BLOCK"
    },
    "portalParticles": {
      "value": "EXPLOSION_NORMAL"
    },
    "portalLuminance": 0,
    "portalSound": {
      "value": "block.portal.ambient"
    },
    "igniterName": "Big chunkis SMP Portal Igniter",
    "igniterTab": {
      "value": "CUSTOM:Mod"
    },
    "texture": "big",
    "portalTexture": "batter",
    "enablePortal": true
  }
}