{
  "_fv": 24,
  "_type": "food",
  "definition": {
    "renderType": 0,
    "texture": "cheese",
    "customModelName": "Normal",
    "name": "Cheese",
    "rarity": "UNCOMMON",
    "specialInfo": [
      "Used for cheeseburger!"
    ],
    "creativeTab": {
      "value": "CUSTOM:Mod"
    },
    "stackSize": 1,
    "nutritionalValue": 4,
    "saturation": 0.3,
    "eatingSpeed": 32,
    "resultItem": {
      "value": ""
    },
    "forDogs": false,
    "isAlwaysEdible": false,
    "animation": "eat",
    "hasGlow": false
  }
}